"Visual_A","Visual_B","Somatomotor_A","Somatomotor_B","DorsalAttention_A","DorsalAttention_B","VentralAttention_A","VentralAttention_B","Limbic_A","Limbic_B","Frontoparietal_A","Frontoparietal_B","Frontoparietal_C","DefaultMode_A","DefaultMode_B","DefaultMode_C","DefaultMode_D"
11821.3703838565,10835.6041052228,9956.62464059374,11506.0193414503,9592.40980181304,10397.4786240946,9858.84719053563,11173.5094540585,11085.2681135698,11080.525172231,11055.947060223,9276.88815304378,10000.1452077787,10694.8234565023,9344.77522175223,11780.4699675176,10441.120381634
11784.8859475335,10788.3164872498,9939.35652570129,11452.5013257996,9563.39259456903,10369.5831256094,9839.93119088753,11152.3776724141,11049.2316236415,11023.1073252234,11016.1078500422,9240.38432825097,9979.84426311446,10639.5759070482,9300.25101880387,11727.9056756106,10404.8778791847
11757.0152511893,10744.2160820641,9908.57630284721,11422.1535045107,9534.31612211354,10338.1435155908,9810.42611151306,11117.3868510706,11012.3680164671,10992.3196303478,10979.7673070797,9214.26460132164,9951.08157549057,10616.7336354996,9280.78542985512,11698.6627354919,10374.6840667836
11724.1019777256,10724.8692949139,9886.53372382472,11408.0373843996,9505.64926643475,10326.8439691964,9799.27694503391,11090.2095133104,11000.2858371801,10986.1884680579,10978.700944367,9209.54320554454,9940.50768870329,10607.6752940887,9273.50927833878,11684.8531586261,10363.1300762004
11728.7911360255,10726.6117000817,9881.44458279018,11409.6931178969,9505.12594884415,10318.3262328978,9792.0216561284,11080.6640770147,10993.7243988897,10976.9169810206,10962.4398326946,9207.97567012207,9932.483962601,10603.98833101,9268.55934894099,11675.3796806038,10345.5763492142
11726.7143717327,10730.6125676905,9877.7804941374,11395.6241029095,9505.90560285858,10317.5878141122,9777.51398375454,11063.4736981649,10981.9613999633,10965.3473232321,10968.0813582138,9202.06863942726,9927.62578596891,10587.0062329658,9255.71470889517,11649.2263373577,10336.1124128291
11729.7587193945,10734.9317095282,9906.10206716494,11434.7576541907,9521.84968447115,10336.885399918,9797.17215886601,11077.4357743361,11002.8945029801,10981.9263551662,10977.0521902993,9207.61606437726,9943.47776972074,10612.3948836207,9268.89283710117,11654.4637863302,10356.370199927
11719.5395552078,10740.0002427488,9902.76442716977,11414.5962463789,9503.34558253571,10320.3216411362,9788.55877084999,11072.8212004101,10999.5496512198,10980.2859283072,10989.8464706226,9199.09553546707,9933.99324060433,10612.0419230516,9274.30701582054,11651.3399665504,10347.1929590644
11728.3093037684,10737.8539750504,9894.11379571325,11426.1580270933,9517.67424784392,10335.5160901348,9800.13204823863,11084.3149671737,10997.3662390299,10993.9801515176,10987.8773460587,9213.97802557416,9945.75420140791,10619.5721569183,9284.20451210828,11673.8569991372,10362.8715057948
11726.4973183198,10740.8621588407,9898.13246408427,11418.6029663922,9521.93057189451,10338.5861553529,9810.50638433514,11089.169156853,11012.8674893663,10989.4809324393,10976.2392561775,9210.74702429239,9950.23040699094,10624.2535218169,9294.3426241317,11673.4634912376,10370.5019503134
11751.5367789897,10741.7682469209,9906.41710698251,11440.1484273457,9527.40674513305,10354.4589084244,9820.3585244471,11110.6351989484,11012.4497238818,10994.4601994224,10993.4527976008,9220.95340597944,9948.15690917992,10630.9153595451,9307.35479489091,11691.563297921,10354.1370924409
11747.193453663,10738.2837327657,9905.86516462559,11420.0681075981,9512.14010132198,10333.5064995467,9803.47885560038,11099.2809683013,11003.5191358554,10998.8872517342,10982.5927825949,9204.39009709165,9950.25990653519,10627.782685616,9291.96639186254,11691.3028651648,10374.0804023054
11723.2360854183,10725.8412725028,9901.35476102116,11419.990383696,9513.7765558554,10340.5234579737,9809.20847293121,11100.2555350941,11015.5147195917,10989.299323895,10992.1257474685,9208.51635721328,9958.01094052812,10635.7406136508,9305.96647972266,11689.103488222,10365.4928152594
11737.1621442492,10734.9061419281,9913.44239960271,11436.7685389392,9516.32824497775,10346.7563641957,9812.06640440893,11095.9534206355,11011.8207509944,10991.6273689981,10984.173689714,9218.42607165269,9949.67065845002,10621.3413922973,9305.73628344285,11691.4676166131,10375.0954393948
11741.9249677795,10735.0985445957,9911.81251631374,11440.0903298434,9516.18087266563,10344.7588998189,9815.48662400409,11102.7875576441,11021.0229490893,11005.4786424249,10995.375178952,9217.44087162016,9952.97793629114,10634.9497342401,9297.55071630239,11689.7081165543,10365.9784654228
11743.4486384749,10737.7849206669,9918.18903459272,11432.9406130812,9528.12562866488,10344.5604653008,9800.88092299811,11104.3898332401,11012.6269398173,11008.794438798,11010.6601199068,9218.8262413921,9943.89308588131,10624.1480523629,9310.10207934092,11680.1998117709,10371.526571261
11737.7557348781,10732.625922892,9913.54034084569,11427.2488449144,9527.14846356942,10341.4603412789,9809.5192877222,11095.8311376871,11012.7275584861,10993.5697068885,10992.756389091,9209.73430889065,9954.99114643069,10616.9908292738,9294.87524377086,11671.1645256502,10363.2189949171
11778.3993672508,10760.1089104491,9932.78015714983,11458.9968622066,9545.9903354289,10375.0125334108,9833.75310168901,11119.8678530336,11024.2663339215,11003.7853501051,11009.9080743358,9224.64854015942,9958.01075475673,10626.0506574497,9303.21098691738,11681.0438850964,10372.7378191731
11763.0856501072,10756.7862635956,9919.03340896831,11441.326546646,9539.83558775769,10355.1154467268,9819.22003260687,11111.1587656602,11015.3200644665,10993.0178710525,10991.4782223469,9222.7262443749,9958.93795498625,10606.2735848612,9305.95704161277,11682.4882235669,10356.8948090189
11754.8703139067,10765.9840682191,9922.97622172569,11450.0323823531,9547.55470133571,10372.3015077878,9830.88870055116,11109.7078355743,11014.0539045365,11002.0919816672,10997.6871084988,9234.54639950376,9973.96490644578,10617.1861110573,9314.34593336038,11671.7186288354,10365.6271982173
11745.8858927147,10766.1242413593,9915.83505178843,11446.3425042048,9542.41584220084,10358.2862401648,9813.17641787546,11096.7727569606,11008.1654546209,10996.4115536136,10990.1468837209,9218.1998811815,9968.12548009892,10612.5971088445,9313.34592702555,11658.4373605977,10380.1586672332
11760.8823789781,10773.5451904434,9920.8862131776,11445.7997286793,9543.73090304282,10366.4597336552,9824.99446423158,11116.9206766952,11025.0505693152,11011.9163928195,11001.7530082264,9220.34457558922,9975.63915945243,10616.1099674309,9312.11466045562,11682.7889374651,10374.7354719215
11760.5959107864,10773.3676239532,9926.14068548017,11455.0000973594,9544.43738343677,10378.5227149803,9828.27792137518,11122.6610341906,11034.8358643091,11027.2919447391,11014.294048223,9238.56289702432,9984.41129673766,10644.8838830807,9319.00021241475,11696.2577874846,10386.3123534481
11750.7615870265,10765.5112654842,9924.07889764485,11468.2984630663,9549.01003482148,10377.8187666212,9831.24539740361,11127.1356641988,11030.7093184269,11023.6205894122,11023.2299856397,9235.69819019919,9986.74834642487,10639.2861946731,9322.44201721923,11705.1746393861,10396.2235728796
11752.3013057787,10759.7668129884,9906.43776018196,11455.5643058183,9544.24293749238,10364.6614744303,9821.636958267,11128.4624278767,11028.118847787,11026.0429815611,11021.2878874843,9226.83249601874,9994.79393101903,10647.6756857836,9316.72695826168,11702.3002233215,10398.1817759931
11760.5354634231,10775.1896693064,9925.3147159765,11462.320310859,9544.94056146229,10381.2702127292,9836.26377602537,11130.3164393157,11038.1870252686,11029.9306430196,11019.679934872,9238.25550366071,9997.16143211134,10648.5545340316,9327.19714698121,11710.9973875165,10402.6708984032
11775.0144073163,10776.5191554721,9915.24279977441,11462.6533202201,9553.12419199507,10378.689789701,9827.13476926294,11144.4202261668,11042.0906282473,11023.2369994552,11027.6860453933,9251.25107966992,9995.88482105151,10651.5424467608,9330.78645899092,11712.7249190457,10389.0220415294
11789.547224668,10780.6010912452,9924.36188844937,11484.7971562377,9575.61112276237,10392.9514836455,9846.65700187828,11159.1916447511,11054.2971797514,11029.7692214948,11032.9459909358,9255.21926407372,10008.9184309424,10662.8004026834,9337.773940995,11741.2557872942,10395.3330702155
11768.539687672,10767.6966513503,9920.80270260398,11454.0237008465,9556.82455593583,10372.6537875221,9830.65220405566,11145.5879516274,11030.3435270672,11010.203477679,11000.3670354101,9229.463544933,9992.87491016045,10632.5968138583,9321.90555243236,11707.7246524053,10380.9981219642
11784.6576798539,10778.1072639985,9931.28323918281,11461.2336243028,9563.99224004656,10370.3645915271,9835.1305639849,11136.6933522809,11040.5385484544,11020.8177416981,11019.4070584568,9239.1612345939,10003.4211456609,10637.9073772993,9341.17449703749,11719.2677749743,10387.7343456556
11778.9681049461,10771.7129288209,9913.3484109277,11462.6008004605,9551.83919316206,10368.5171891822,9821.92080200584,11138.6066565809,11031.2079260363,11025.677139635,11025.2027049287,9238.01917500367,10001.660062768,10640.4896991755,9332.90849365173,11700.8737893747,10379.0716856582
11784.2818159146,10791.7031281758,9929.62472134479,11469.4911130408,9561.38823988679,10385.128560143,9831.69307826907,11134.076366571,11038.0230987989,11035.3716767057,11030.5819525184,9256.04124921767,10005.5090961397,10646.6256252358,9327.77065486578,11711.1098444491,10385.2098726466
11750.6471508072,10762.4542928948,9908.82847868351,11444.1072116079,9543.96229983657,10365.4963905013,9805.32546529873,11118.4974237289,11014.9439998193,11021.2266952114,10998.7146629173,9231.01536187442,9990.62660562099,10627.8256728557,9318.65623959227,11685.7430539551,10381.1121365083
11760.8279010204,10775.9308819084,9914.4493762562,11454.0851664666,9544.83124441681,10367.1476767656,9820.39280617881,11118.7454930517,11026.2714912592,11034.591112247,11018.5078777911,9231.66350353381,9990.5569656542,10632.0932513229,9331.23131054332,11683.7639321878,10380.1205116116
11757.765772079,10765.4375035993,9908.1472531457,11454.630690138,9544.1381062244,10369.1927364279,9819.75896122862,11114.1747082048,11027.0204529644,11033.0849489951,11014.8524767404,9235.8899828154,9991.42301562839,10640.3626357154,9324.31414121938,11692.4123526141,10395.0591141836
11748.670889821,10759.0931894986,9914.0164084218,11454.2104983034,9537.76939993609,10357.5960902284,9816.42292937034,11103.8091907078,11029.7671971587,11016.961154021,11008.5527125387,9223.62961370809,9978.02925771571,10636.638370578,9314.73315953264,11692.2535708785,10379.0250095304
11735.4834975196,10750.3105086856,9893.36884080391,11438.9515314501,9528.11419129932,10356.6037771878,9808.96057681494,11099.4530710511,11021.3399894853,11020.5195739845,11010.91128202,9226.73390000104,9976.4547216814,10633.8717885777,9310.02057378147,11677.3884344161,10372.5123555263
11753.7561848459,10763.7128578902,9908.04658062252,11443.1922724988,9532.84855162176,10363.3989252316,9815.85138678742,11111.9230648054,11018.8821054788,11019.0878349277,11003.3776747948,9228.16087035541,9989.30016115211,10631.7818357465,9312.31903615848,11695.4585851674,10366.3464517915
11771.2742526402,10772.3601443481,9925.17908108736,11466.2371238795,9550.27533475373,10387.5366796416,9826.38462168691,11132.2651104133,11035.7379056316,11027.659000247,11031.7552663288,9240.5788908645,9994.03903507851,10649.3412871303,9334.61819255645,11712.8012772175,10391.3879952175
11769.4717193194,10771.3565249461,9921.68892297393,11460.7292380065,9551.89915779665,10386.5030896033,9831.22956381151,11131.7129955368,11041.7719702963,11029.0828389012,11031.9063591871,9239.4044214342,9994.09859662393,10653.3837907024,9319.61364990919,11715.2552990177,10397.5887501246
11761.7872699251,10763.2470817414,9917.89499878859,11450.5802072537,9551.09630161175,10380.0300804562,9825.63563099994,11124.1550155277,11033.529461464,11028.5918814355,11019.9380806725,9227.33563753938,9989.33000614462,10641.5951073873,9316.27175059665,11699.2733504763,10386.4809908995
11770.1901181214,10763.784497761,9923.36815006583,11458.3647837025,9557.10115389852,10385.5021930003,9829.75596884998,11132.1946927348,11042.1728231566,11036.372598749,11024.0698032729,9237.40677803268,9994.6286753056,10648.1129000252,9326.17920643949,11706.8112353854,10401.2108862609
11778.1791933944,10778.1497269334,9928.05313383258,11465.139718905,9557.56949726496,10379.3422317122,9842.08911286087,11142.3451098543,11048.3653095433,11032.522917168,11031.6282798034,9244.25406197997,9996.80148721942,10650.9423833638,9331.18307947345,11707.8748992434,10402.1727380861
11783.0815847193,10783.2332559236,9930.09522927088,11469.9972358142,9562.54710284962,10392.8998243501,9844.11297896971,11157.8958273856,11051.4577117868,11047.840022484,11037.8198470708,9245.57400757458,9992.4044969626,10651.6247340229,9320.54697489967,11712.8659245927,10412.591630299
11770.3477033178,10768.3135395304,9927.58339252784,11459.2158644837,9545.21023113694,10370.3181879101,9830.38151170547,11141.1574021023,11042.6605020451,11016.4578133177,11020.2584917396,9235.65773183375,9980.89979520648,10640.702323609,9312.65827080471,11705.059410514,10388.5311458619
11775.4633395255,10755.1773669479,9925.27645423097,11460.6126201075,9541.61814057536,10368.6565780254,9841.39022217116,11138.0419901412,11037.0390899927,11014.6738586795,11013.5761414448,9233.39076247667,9975.29784641108,10635.5184631646,9320.07151169506,11708.024318889,10386.3254889828
11780.2167700558,10761.8598061328,9945.49439572727,11470.1532110957,9543.19981100931,10379.5443008566,9845.46117167727,11137.2066701506,11051.3785547765,11021.6936229518,11015.2891101901,9242.74678347036,9972.52137314844,10635.8320515014,9318.4008821487,11712.0055337609,10376.9175536183
11770.9032461963,10746.9498940171,9926.5979999418,11467.3915874559,9535.39316205034,10373.3895408161,9835.30727374459,11132.0327301879,11036.3167921805,11016.8970543306,11014.0144897863,9228.86506492219,9959.44403247866,10634.2610318684,9301.14506271739,11698.2534551799,10379.0126461909
11756.4044166656,10754.2585911419,9929.83318355304,11471.7159794482,9541.36402970042,10368.7516031169,9834.96992782437,11129.3358493803,11033.512819259,11012.3075329853,11016.9277104086,9229.2050184705,9959.82522221673,10628.6629312424,9313.9367952723,11691.9562036729,10381.9712899906
11767.0284736646,10767.3094477969,9931.932834321,11477.2641829503,9542.03717273349,10381.6312839119,9835.08306580082,11133.2462283147,11045.1715894411,11029.1848228908,11039.376488563,9230.05892791874,9970.54531346698,10642.747278935,9317.52841416634,11700.7360709893,10385.6807796812
11791.6617470413,10782.0331547014,9944.84773396583,11474.5672019359,9554.80125563795,10392.6380499988,9843.43348264608,11135.5076823527,11051.616410943,11034.5674497784,11035.8058815182,9247.71716062004,9993.53549631232,10658.1303082261,9334.45574018152,11715.2392934539,10380.9367010616
11804.4201872508,10801.0615332601,9942.33583248161,11499.6883470676,9560.2284604744,10404.4162091519,9855.12794199462,11154.3992639783,11061.849338703,11050.6403574302,11048.2965554186,9255.52735413674,10008.9809990042,10664.9786245112,9342.69285229491,11726.1736335831,10395.2554340576
11793.2812635365,10787.3543503034,9950.24454133431,11499.0376251567,9568.58943512968,10407.4198213868,9851.9454162965,11159.1599766115,11052.4615015571,11043.0091745105,11037.1096154229,9252.51549089884,9997.9239645622,10666.1073108609,9350.43466619009,11733.7306830066,10403.9730276422
11807.4948784031,10799.4423092518,9959.77713799657,11507.1488801439,9569.45666888712,10415.8640777041,9872.7729045135,11164.9466524628,11067.3916459916,11045.8956346841,11051.223322524,9257.78901074276,10014.4723413729,10669.819136816,9370.98058411978,11742.1761067322,10424.8102435409
11805.8427780935,10790.2706643538,9951.34067806554,11503.7772908243,9569.53421820051,10411.8736747826,9868.50014553252,11165.033895961,11059.7202981968,11047.4592409679,11046.3975633469,9265.17467807062,10018.910567074,10661.1647002372,9367.90206270025,11745.2879466565,10417.8702126678
11801.8927901341,10795.2579212435,9949.86637017844,11498.0765268046,9567.92724633677,10412.514944774,9869.06270536946,11168.1799042903,11057.6348599821,11054.6364557535,11046.5544473711,9263.39987386371,10029.3275548435,10668.3970288377,9372.96202918083,11753.8341387949,10427.9527800535
11807.1024663614,10789.3129450372,9943.67944904757,11482.6069206689,9562.38244179309,10405.154504463,9873.17103547217,11169.3537771773,11051.5843489713,11029.5982937319,11025.111658608,9258.04524660754,10014.9829226454,10648.9071246472,9367.44499908987,11732.3696067154,10431.4766969571
11791.5218184822,10782.6122727423,9935.17340629636,11475.0231923452,9551.98940136581,10396.5207323218,9876.64805427613,11161.446108615,11048.7823112922,11033.0935615217,11015.9829247639,9249.70408718522,10007.4857230678,10637.3317474318,9366.13002250394,11730.5347615745,10419.309218098
11798.3131438614,10786.1268564676,9941.42087974674,11474.3018677935,9567.20477689569,10388.4300532966,9865.33434112733,11166.3878144739,11051.2945524118,11035.1659039516,11034.396625269,9254.79057325471,10020.0961748793,10638.8484280275,9370.02186127354,11736.239768089,10408.332382754
11800.010670112,10784.1004966825,9939.90825712507,11469.9943368928,9565.8417971503,10387.4476951217,9847.80243908683,11151.4198558106,11044.4052202708,11032.9256454845,11035.6924604658,9260.65261786252,10011.524078081,10643.7380648393,9371.29670813841,11724.9049611841,10396.9186597366
11784.5313274728,10768.0246682516,9942.00270586966,11481.0879174732,9561.55951492783,10385.7698201915,9850.11783531038,11146.2872904124,11040.0553762477,11018.7323080264,11035.2430296886,9248.83619680924,10004.3497311219,10633.3813028468,9362.46993976506,11714.1569301158,10395.373462834
11771.9967167892,10777.2079976708,9921.99525691331,11461.3334863555,9552.70608408239,10376.0937675881,9846.83697783006,11136.2526327249,11043.655591332,11027.6734512187,11037.1832816241,9259.83734010494,10009.3482864481,10642.9582339819,9362.04224287621,11709.1586612139,10386.9058604725
11776.9981737811,10786.4655489398,9933.97137807073,11474.5531582655,9559.03275981443,10385.72628301,9850.4200741894,11145.9717791484,11054.1804586902,11037.4808099819,11039.5707329038,9262.47745169009,10014.5462593503,10676.9384117801,9370.15829850848,11716.603097495,10398.0023992838
11771.0562652751,10793.1716824,9941.10597399921,11468.7288748765,9557.28068337898,10388.2884767909,9849.28822460364,11147.7530693802,11056.8717058831,11037.0803139995,11043.1065944661,9264.42327060794,10019.950702444,10657.5823897619,9374.87491766475,11715.2340789227,10397.8833793501
11778.8087647656,10789.0967894869,9939.33493055007,11484.725653732,9562.27972931693,10393.7792440682,9853.63830211184,11139.4379976685,11048.6024500828,11033.6657214209,11054.3374769177,9262.71018076153,10013.3043279891,10667.3078332393,9367.66193968488,11702.8978180337,10393.2922117457
11779.6874199219,10785.8058972828,9936.87054386471,11482.1580149045,9564.82232492596,10401.4838259685,9855.58879869986,11143.2294814594,11050.9251622651,11044.0077125505,11057.0899313125,9260.46286343119,10014.4677290832,10667.5292004661,9364.96648068691,11717.5433941608,10412.1111985266
11789.9902817434,10794.5067015487,9949.75916892744,11485.4648740626,9569.40142613862,10406.2071765392,9859.28258899022,11148.1567733605,11058.4047848806,11042.6686610476,11040.5442684385,9262.51080045913,10024.5022727281,10665.5521481147,9372.64034455907,11726.059772526,10415.9355736352
11794.9330890499,10796.7065951684,9952.91448561551,11497.1904851293,9582.4115226244,10413.2594788804,9862.25255144582,11147.3820584627,11046.4293825929,11048.339569808,11049.5123156275,9268.81217648208,10026.4146735291,10660.6249082772,9376.28231617074,11722.35210511,10429.6667833749
11780.8122097125,10779.6364218887,9945.2593374858,11487.4530388003,9568.4379517755,10408.5789969272,9869.09470519956,11154.1391993288,11047.769875747,11040.9674873328,11044.7177524005,9266.36732385558,10022.1511410814,10661.4171049749,9371.07513928756,11729.2526280048,10422.7785988177
11783.0992779435,10783.7453593255,9936.58079604088,11493.2552898239,9572.84989856664,10389.9886142292,9865.61149709619,11152.8195968419,11062.6117993203,11048.8682208046,11047.3138017913,9272.10888518975,10028.27773515,10670.4850578103,9376.9524878934,11740.0814094206,10430.3164368702
11776.0206805182,10774.4766611164,9934.2501111765,11473.1303670328,9563.35440078747,10386.0704335589,9852.14358232696,11149.5692415421,11059.0401018169,11029.6884048642,11032.6566063573,9269.34001061662,10024.7476646756,10652.9804864532,9369.31463854397,11732.47402532,10418.4468977401
11784.4241889061,10783.0078523996,9944.69707100919,11490.1002393624,9571.02711591511,10397.6853824366,9873.41545737312,11157.6540903186,11055.5573280213,11027.1807045047,11018.9707166863,9268.83765557176,10014.8959819322,10652.0364375462,9374.00261088332,11743.4899310684,10416.9665443264
11782.0300279406,10774.4529201201,9925.21247574201,11463.9507141832,9560.37959162189,10390.8375372239,9859.97901833357,11145.5104674797,11042.873301866,11026.2818497894,11027.0902337887,9259.77375778433,10011.484583429,10644.5291809635,9368.37316366994,11726.731091424,10408.3462016997
11777.740847005,10775.098789167,9927.03243324164,11462.3639332935,9562.64907736017,10383.2597371743,9851.84266959643,11135.0131095822,11055.1468706127,11026.3500840749,11028.2797767364,9268.71349363,10025.8220339816,10657.1773880275,9370.57872255854,11731.0113022693,10415.7089887995
11778.4480939389,10767.438349176,9930.15721837419,11459.358163062,9557.32964991957,10385.0206066217,9849.97440731608,11146.0937619686,11050.530911546,11030.08510138,11033.7856509796,9265.37347615981,10018.3672427268,10650.1467833523,9370.23740782421,11730.0865945707,10397.2453753507
11776.4610533489,10766.270666969,9937.62062735402,11460.6980491974,9562.91760893855,10385.9797719712,9836.70369115876,11121.2545829382,11045.1040100789,11031.1120365091,11040.1244605084,9256.65488940526,9993.17713575531,10638.5415868697,9359.10770712572,11714.5345314108,10417.9856257456
11766.5624210772,10760.7518986281,9926.82148501068,11450.1142053467,9552.65348510288,10367.4491678268,9828.05401780365,11115.410365917,11040.7611844797,11020.2643749104,11022.3506479751,9246.75118130619,9986.09108073834,10634.4756154599,9340.73649495862,11693.8595596161,10400.1242989293
11768.2313864855,10761.7762128521,9920.14316874734,11460.1108348911,9551.89439350781,10372.0774131436,9838.56419649596,11106.4919045622,11038.5677904862,11031.8981197639,11027.6344215234,9253.45520790733,9981.15784518443,10657.1709400737,9328.08331405425,11704.9124936972,10412.926746342
11757.8867845153,10767.1052414508,9924.79481714599,11473.8417916611,9553.68573928405,10370.188428071,9834.1901547416,11112.3039265988,11021.4785478461,11020.2367760314,11015.3702067833,9236.43110464782,9971.7024803237,10631.2454877982,9328.48281813192,11686.1691739239,10404.5590275007
11771.7900702196,10786.0930338103,9934.15547288936,11462.9600549368,9563.61878041065,10378.2743211052,9832.12974614818,11121.0065259453,11034.6621411063,11031.318228405,11021.3088522961,9244.12253550554,9973.73332360943,10633.2568542124,9329.27128650027,11688.0059628525,10412.7134093071
11790.0046478468,10780.0165515416,9934.45487068678,11472.687581567,9569.74118060985,10377.1914658436,9838.53058476815,11126.0202382775,11035.2867893981,11032.6961135578,11020.1278161706,9250.94705284287,9988.37641073669,10645.2441902609,9333.8193708345,11700.8134560362,10413.7316404104
11769.5721167898,10773.1420629782,9914.69337143587,11461.4008975906,9548.96356296828,10368.6396946474,9826.22337963671,11116.8620063452,11035.5473705537,11041.3765893623,11028.8338601813,9245.36469366959,9983.69484625262,10653.603567625,9321.26270504029,11692.450942557,10399.3951211905
11754.8173722311,10771.3230461112,9916.24273591825,11455.8610146677,9546.74489441613,10367.3438718386,9822.0676330793,11102.7912135793,11029.2640332731,11036.0644023303,11017.7980914281,9246.44522414329,9992.17302808603,10650.2027061469,9329.63135023812,11694.0121915809,10404.8591884074
11758.1911073742,10776.5021116477,9922.94954993337,11453.738018886,9557.98090976657,10369.4151485645,9825.56427531072,11112.1856037723,11029.4705531975,11028.8155960691,11007.861300488,9238.28837584378,9997.34997717127,10640.7285806892,9323.59244610836,11702.0784958841,10404.5310446975
11763.8734976748,10776.8093109182,9937.13050806452,11466.9299910697,9558.99768797252,10385.8593133146,9834.60172116089,11128.3997894918,11051.649581342,11036.0260920737,11036.1770462465,9252.19924207756,10010.8994201782,10645.4028390884,9333.81728456415,11713.620580711,10416.0376756971
11762.4185139714,10772.074557517,9931.91298876155,11451.5028239442,9553.19944918241,10372.8822811543,9829.47990455523,11110.6532232472,11030.5355124667,11023.1121591025,11025.3203454454,9248.99164848415,10001.3388454264,10649.1243738557,9332.11460660268,11703.1039196704,10403.8954339154
11750.7745859612,10769.2342899359,9914.38566559527,11458.7517863902,9548.04265263402,10370.465987419,9823.77151260908,11107.8128282516,11022.2405538579,11021.902142508,11017.4837897368,9249.72924716499,9995.25609885345,10631.464676054,9329.96583798008,11696.7247337273,10408.5243965735
11748.0492647292,10765.7231155247,9911.52795055354,11446.789172064,9548.27975173487,10363.78726152,9808.78869949823,11109.0022828289,11021.9486113677,11016.6062451048,10990.9381999729,9229.48021492732,9973.73405691023,10623.7604705734,9306.78823025414,11679.6640922192,10408.7431685555
11746.7790025002,10759.7660944192,9904.59815553949,11432.0994095448,9553.98324835131,10358.0055086129,9814.02599136437,11106.9461827636,11006.3739613972,11012.3815376808,11016.4112986377,9227.13268253906,9981.35811617684,10625.509377225,9299.65729272356,11681.9110012326,10398.580761937
11757.7369123427,10769.0848034851,9900.84341556838,11473.5161833503,9546.15684858018,10348.8302046442,9821.25742299661,11091.5367364272,11021.2223748723,11022.7229177659,11026.118907468,9221.66176169075,9989.11812282271,10644.622714598,9295.93603541731,11683.9271840097,10409.4976592031
11738.7893612195,10745.3481320874,9896.99178571829,11449.0747299348,9533.144590412,10342.5941887738,9824.45069277824,11088.2632541907,11003.0243332133,10998.1799271282,10997.9891547099,9207.45498477535,9959.78175056074,10595.115128825,9278.00499350621,11670.7689470552,10377.1970226733
11740.3834183527,10746.8557801429,9897.0828831869,11427.3611411841,9528.33411121314,10333.9441340101,9810.1406189914,11080.4888055325,11007.7844732369,10995.7518051281,11007.0318868808,9224.40081295933,9964.79370226535,10624.4959534482,9299.2679409183,11672.6511315424,10383.3336071431
11756.9436860662,10765.1881499621,9909.40497168752,11421.8515237224,9544.68474002903,10345.07582733,9823.35871753168,11083.8389848433,11018.8424316849,11014.618223174,11026.0745088913,9232.0581074318,9982.05485740024,10623.7160634838,9299.96883002614,11682.0460931804,10375.4298993527
11746.4097719401,10757.6757979259,9893.93653346575,11413.5157324416,9537.77770616665,10320.8432856828,9807.57275166584,11072.4640071706,11002.4089731863,11006.2501476561,11019.7043418003,9225.49716974546,9970.30968723363,10631.1374004855,9290.44675460245,11670.2251890156,10367.1772492884
11742.4866157155,10752.2313276133,9898.96207205312,11431.1164801558,9534.13282490345,10335.4057283509,9811.12762621777,11092.1013570613,11014.3930245936,11007.8144723057,11013.8818828402,9230.67269447287,9979.93498649573,10637.5396635639,9306.30801239419,11675.8967414859,10379.4934236015
11748.8744270597,10769.7812412676,9906.50342912594,11437.8212543628,9540.7487760811,10345.7648781154,9813.82855890994,11094.0197394361,11018.5181030373,11011.7604702099,11007.4980926057,9235.23606496503,9984.70312874801,10634.1764092859,9307.1604089297,11681.0733022267,10377.306613431
11742.8163667695,10765.8430498128,9915.94411251433,11431.9633756818,9543.26572411484,10352.6267404215,9816.35989147235,11100.5665619864,11028.6739371458,11009.1509528513,11022.0059451757,9231.93790013014,9981.56379826744,10640.4115091793,9300.94753982387,11673.981396939,10375.7551112479
11738.7391528189,10753.5613647796,9904.97077927066,11429.3450665542,9535.58632038916,10345.6624352961,9802.43323027864,11090.0497876077,11017.8038838079,11007.2399778098,11027.0567896225,9238.75888475951,9985.69698745993,10637.2401311557,9311.31809482062,11679.4259129106,10381.7839587487
11735.642303162,10752.2734536257,9903.85613344281,11433.9663062713,9530.91747866226,10341.4335097185,9817.41722171084,11090.5800290541,11026.3844430226,11003.2826882129,11014.6222838461,9239.74816573429,9988.86814021452,10640.9781367519,9314.06427255519,11685.3630546753,10370.6603584577
11736.0168246135,10738.4607768622,9899.51624326359,11438.1620592887,9531.71885047877,10345.1375655462,9814.44655981505,11093.9311503752,11014.1412697568,10999.5143754219,11022.2127510374,9234.38466981985,9977.53554195901,10633.450650755,9307.44046347104,11686.1859262671,10372.158264913
11747.0374517365,10759.4998040059,9913.62753577785,11444.7327974119,9540.2936944513,10356.0552982502,9820.93728669251,11109.1388171274,11027.7081149912,11008.2930386951,11033.9503551374,9231.4998282838,9983.99093967789,10629.9071630722,9307.72473686663,11688.2529073513,10390.6768172831
11749.9277328262,10752.4807253893,9901.70008516435,11442.4323504204,9535.42296227511,10336.4660188744,9814.38975798185,11104.7187653639,11015.203164372,10998.6369087105,11022.135965481,9221.83504542777,9968.70938673918,10629.839508522,9308.14592176827,11687.2511439418,10380.0061793567
11751.2805967858,10758.1895770516,9900.4173954069,11418.4958392921,9520.45685149602,10331.0332837482,9810.65153028663,11077.3311405883,11023.9649140553,11015.1249727117,11043.932754047,9237.26689123072,9970.57790019001,10641.3502320934,9307.74953222362,11706.0608419737,10388.4089173913
11749.2399340759,10754.4964016986,9901.94842888699,11404.4808999039,9525.03633186323,10330.391816179,9809.38692790379,11087.3057053065,11029.7521817871,11011.429307156,11032.5515849331,9241.34325214497,9974.63797441195,10630.3883045833,9308.44169380546,11706.7980820241,10385.9851494348
11745.3932111324,10753.727342463,9914.97209898139,11425.0828978993,9532.89598400471,10350.1340415816,9809.59044401076,11094.7325154496,11035.236045416,11015.6661809549,11012.1224753901,9236.14680257481,9973.46007360455,10638.580825269,9307.77760065193,11714.814045642,10395.1428852493
11755.4276380467,10750.740349514,9914.2200970288,11437.7157485588,9526.95077361989,10352.301402475,9820.25772930095,11096.7892894839,11040.690063702,11018.535263201,11029.4559686121,9235.97641121685,9968.65638204564,10638.4680175534,9306.76597167493,11720.1534746036,10404.7565564408
11760.4913814719,10748.1490490182,9897.93897518505,11443.6461380663,9523.07005909114,10343.9424211813,9810.38727901627,11098.3418086124,11037.1702880101,11014.2376813845,11025.4756717113,9227.01308900101,9964.43204443695,10647.1827920191,9286.54636377973,11706.1729869144,10402.0182019848
11768.4150079244,10753.2258021014,9904.88645952521,11442.9760028393,9524.58542181465,10352.5943140582,9817.49739992008,11107.4634398263,11046.5921816116,11013.1342558422,11017.1577323566,9240.94462679037,9964.84230473465,10643.5235854264,9309.54554776069,11694.6077851156,10387.6443969056
11767.9259106705,10761.3698595302,9908.69743551249,11449.4146739462,9535.6450780381,10351.5043857364,9825.39654782577,11106.8987532562,11031.7967669662,11011.5679704094,11009.7806252957,9233.06040908473,9973.06443026261,10635.2371853285,9308.55705497086,11696.7613559754,10372.1880676068
11765.4097408049,10770.023954835,9918.76745509022,11439.4288119909,9534.84970778506,10359.1726973197,9830.12439402858,11119.1535302838,11035.61213614,11012.3637421731,11007.3838554812,9232.83829922305,9981.21636116218,10641.2198680872,9317.02241899734,11692.6119631857,10386.9880022269
11768.749189925,10771.7168872811,9917.88003084302,11449.3876967306,9533.38168338031,10360.0941719817,9830.99426764914,11119.0411900102,11039.2677988966,11013.9626873143,11026.4924402101,9242.21795539386,9990.46320208896,10642.1702976126,9320.18319435182,11700.0592268784,10379.7344442165
11752.9303849124,10754.9662765717,9901.49591981075,11435.1815763266,9528.09816131359,10357.2899842041,9821.65422003016,11109.5642472245,11027.4179876785,11002.6803320604,11016.3709237047,9240.43892029416,9985.02733232755,10634.2167100689,9332.28168814119,11695.0664440707,10384.6033742707
11755.0436603881,10760.2377886758,9916.21482432323,11444.0345699157,9533.81286943285,10366.7230986739,9826.02199264263,11118.479557803,11032.6531369066,11014.1161212819,11026.7407962953,9233.78839396921,9986.54813159406,10641.6526910566,9329.96454490994,11705.1219676397,10381.7308096031
11759.6762705112,10760.2497139081,9912.12267128367,11441.5331543822,9528.85470568704,10355.6654549441,9825.58588845503,11114.2270801465,11022.2195907583,11010.0833473027,11015.0015060745,9239.65689519914,9995.23028945742,10644.1438804099,9334.09273927427,11698.5834909807,10381.1552271436
11752.7325647131,10751.5729867893,9910.64722587174,11430.5626767314,9532.62560979142,10363.5711442239,9832.51138168923,11114.5728560992,11032.4553727032,11009.4554636503,11020.4757816462,9244.42022291613,10004.5166147537,10648.46989182,9337.3028608719,11703.2580373742,10378.5683404171
11761.1795582322,10756.7499306585,9917.42308778843,11438.8519249148,9538.2084913727,10359.643894643,9833.50010232723,11108.7978231854,11019.5012344702,11012.3682046091,11013.1672160652,9245.76883262658,10000.8371603481,10650.57665149,9346.89364545584,11703.7278256991,10378.5933286396
11758.4441171056,10751.416918057,9914.67391898465,11452.9727472098,9536.37940968627,10364.4487461961,9844.59865966319,11116.3793697158,11026.4031500183,11019.9700581647,11012.2138384553,9243.52581822927,9993.21069631941,10635.8705098947,9334.88013640231,11691.2077541633,10373.9739427927
11764.8208987316,10766.8488452652,9911.52944167747,11468.2918367473,9542.8928558204,10362.0446469582,9843.3718984424,11113.2356165524,11037.7273733953,11025.6521338956,11029.3605452951,9260.04353978977,10003.0632207279,10655.4098467511,9356.92513706399,11704.4263413035,10394.4155492731
11761.8010091302,10776.5142697351,9910.23299961837,11457.3899270721,9550.07762460922,10361.3312871358,9834.12545752382,11119.6079667526,11044.347470828,11022.9557315111,11040.7606423196,9262.09606483699,10005.1055512605,10642.4120424333,9344.84009754585,11707.3224370391,10386.1587770674
11755.6877486608,10771.6844926921,9920.4701144425,11472.7007194699,9550.38511986987,10372.9864137434,9840.87584992263,11130.9841719733,11052.0406846858,11038.6017484651,11046.5577851687,9258.25109284869,9999.06230499526,10649.2727392971,9352.79891887904,11716.5688931482,10381.7768778612
11757.0360720922,10773.1202710046,9925.16919083294,11466.3722924037,9556.1613231348,10378.0950960682,9849.68062122783,11130.8348808699,11051.8857031777,11040.2027361679,11043.5586523241,9263.5785097187,10011.89921823,10655.6748427671,9355.14642011422,11716.9492169078,10400.2665775493
11769.7416140595,10770.6329331656,9922.96001413731,11460.2420378345,9548.70520780245,10379.7811690577,9841.17863902233,11129.780710563,11055.2168843864,11033.32155646,11051.0095603489,9256.57770802491,10008.663729343,10658.0174993804,9356.14047214981,11718.0402810859,10412.7414189222
11771.7173136557,10766.7541622199,9924.31927683991,11457.4892209395,9544.14003218553,10359.7823228578,9831.49744900407,11127.014200687,11049.6201836321,11023.3425842594,11034.141748716,9255.94494106809,10000.6058781272,10644.8617890239,9345.5595342237,11721.5664729439,10426.3714619387
11775.8566918064,10767.7566175216,9926.18894628582,11469.5870830353,9543.53808260504,10371.7501092595,9841.95836958998,11127.3643978115,11045.4834656585,11028.1009635428,11046.1910593457,9256.89712968494,10000.8916220116,10646.7304584474,9351.08834700512,11718.662016195,10408.0068269715
11757.8547062655,10758.7029530858,9923.16628370128,11463.8746099072,9533.52015032775,10365.4852477474,9827.38132998275,11120.1086769361,11032.5839602327,11018.6619370304,11016.7937469143,9239.03643053335,9987.6388308419,10634.6766561085,9344.38679129657,11707.082780211,10395.1548097904
11762.1615110921,10755.4551565839,9909.55159274003,11450.4809904633,9530.43035841497,10361.5940454295,9831.80800969949,11123.3198589205,11038.2302791751,11022.8009809898,11019.564551872,9244.32581877319,9985.15345770156,10646.8744295488,9351.3058963357,11704.773044414,10402.2923180649
11759.7204113645,10757.7564849156,9916.52833152247,11458.4041780572,9523.02556573463,10372.3662633866,9830.89310817037,11122.1671524056,11032.9113360943,11017.8707195109,11025.3667600581,9241.31964192906,9989.58232522989,10637.8215434149,9339.71253909584,11702.6222946709,10397.7846087983
11763.777939496,10762.0020372509,9925.69929126504,11457.6154545571,9533.44487753118,10374.1389242873,9832.21703841064,11122.4106826966,11036.4244801419,11014.3632135986,11028.0200354107,9248.89888126795,9992.73962173905,10636.0125075306,9332.69378883231,11687.8944046946,10381.4130765451
11760.1457495283,10766.682544842,9906.67517930591,11466.0035119263,9538.40165601748,10365.0718865463,9825.52093171932,11115.357238064,11041.6050746667,11029.6805592816,11039.0242230102,9253.40847898177,10000.5263844134,10655.3400892281,9338.02209098924,11693.637932427,10384.1594803735
11756.7971998833,10755.9404630393,9907.74247150874,11446.8675743293,9529.05457122217,10364.1619399661,9820.5071505524,11105.9030216972,11037.1901005934,11022.1202985398,11019.4511115067,9250.01553875973,10003.801284857,10652.7007289242,9339.42776258299,11694.2790885678,10394.5478164712
11769.2519662479,10754.1860907305,9916.60869653667,11467.8433393052,9539.61357494553,10369.4284807286,9830.17292447309,11113.7498042505,11029.2751551104,11015.7312061789,11029.2399870083,9246.55464724932,9999.87340842154,10648.8007119649,9344.01600137915,11693.846303196,10387.3226953273
11758.2108777676,10763.2758524456,9920.34203416143,11451.2264540822,9542.69530837065,10369.5072374156,9840.23802411077,11124.3114625119,11049.0783575497,11016.720859685,11043.1990284873,9252.83969951462,10006.5435474092,10651.6706366078,9350.80696759031,11688.7360933141,10397.0047305379
11758.0164247705,10754.2067147315,9920.55608780001,11453.4973925989,9534.7645265689,10369.7806699129,9842.61085226187,11128.4965140699,11042.8503215058,11028.2959969132,11033.9224142776,9261.21389470057,10004.6137980901,10662.5289319509,9348.82523362061,11696.4600807251,10388.1716091889
11775.9057246585,10758.6554496565,9923.22287076532,11456.8689066588,9537.6992583627,10369.8574611363,9841.16305586138,11130.5461119865,11048.058400035,11022.4758547165,11046.7776880101,9251.29201816067,9999.26047119678,10660.4684286925,9343.31253916296,11711.8617298196,10406.0765803918
11774.0516269798,10750.1713754901,9934.93614402003,11467.3287068292,9535.20955198574,10375.9505362165,9841.60276370312,11124.8283379621,11064.7909409893,11035.3099481835,11055.0927326335,9259.96558759903,10000.4232097452,10666.0934165469,9344.70110129969,11724.3927492197,10414.9862304898
11778.9535891642,10759.9429023309,9930.2307941009,11474.4487332014,9539.29109116231,10372.4185227572,9840.93641425678,11128.4209581073,11059.6363270156,11035.1007656726,11046.197189967,9255.21963890435,9991.56724361323,10663.4698681079,9336.24860895636,11725.907230192,10421.8161901042
11768.9955643852,10756.432433425,9934.75755297454,11450.497925466,9541.02801240657,10361.6576287284,9828.47123248025,11131.5124804243,11063.2580096614,11039.8953665718,11042.0259404249,9245.47673245562,9981.05955202161,10669.3938194489,9329.04638897689,11725.5941873833,10424.1800347403
11777.6714454263,10765.8811596787,9930.5338427376,11466.2179914906,9532.97249990148,10359.9872240866,9818.23494852871,11121.0118960632,11061.3567854215,11032.5760388148,11040.1385816796,9243.26058277484,9987.76981918604,10663.2738341338,9324.20067693507,11732.2223977693,10421.5226754374
11788.6209999702,10771.8046417782,9933.22950647696,11464.8218877919,9555.6306640969,10376.8152114672,9831.6738624769,11132.200556889,11063.7179807824,11035.1647025893,11021.1806123898,9248.33266084379,9995.82970944708,10656.3604912019,9325.11998558146,11740.9247081258,10425.3258528918
11775.402346461,10763.3679370822,9916.0572565357,11466.7450843402,9551.91972292044,10369.2787022601,9832.39374293282,11139.9622894515,11054.4372726903,11024.5612308378,11019.8616484194,9241.45965891283,9990.50721805008,10654.9809894405,9321.64868109298,11733.6727590689,10413.5729267709
11783.2783407816,10756.0411235447,9913.76659791171,11457.569055514,9546.51191123616,10363.0424830887,9826.56860241671,11133.837047716,11052.491832614,11020.5203676386,11030.6049041186,9244.0779866568,9988.72402883767,10638.106456117,9316.83664574932,11724.2133931118,10406.4831383175
11771.4247486306,10764.2264716381,9916.98648546079,11457.2039657161,9554.54728486012,10351.5181291947,9827.99405236813,11128.9030157859,11045.8049864002,11013.4369658473,11014.8902797644,9236.85222776424,9986.16886565546,10634.9507941754,9303.42718279905,11717.8514267566,10396.8523958313
11781.4725043818,10773.7171028966,9933.0089480643,11463.1042273166,9554.79340049377,10366.2107721587,9835.86754055464,11131.1208917989,11050.4566158308,11023.3914678846,11026.3295227204,9238.97140940456,9987.147460137,10645.5826756883,9307.58299707443,11725.9656458254,10393.6503614489
11774.2207871942,10763.4606901009,9926.29715635988,11461.363450747,9545.98028511776,10357.5344261364,9831.89872747229,11130.6276203179,11052.9897263345,11015.0516320265,11028.3421928828,9238.88415933387,9982.83687708209,10636.4467725108,9298.59094807468,11717.2657611829,10394.9092853044
11758.6598137579,10760.2716199189,9918.17665024774,11444.1533102505,9542.86122389634,10354.7606296364,9815.89820625157,11112.6874689685,11037.190633903,11020.647288218,11027.7012163709,9241.05207287843,9992.9456041733,10649.671714154,9307.32968518496,11705.6531781642,10398.1723105282
11768.3249279683,10768.4673841214,9921.30899749404,11445.2897608487,9543.8838942815,10352.4851329799,9808.35272468911,11126.3137413558,11040.1363677882,11023.9799088551,11022.005367269,9245.95082612931,9993.15485829601,10646.4110853394,9318.03783695082,11702.8812331952,10389.1854043239
11754.8320880013,10771.2147173229,9921.97239069516,11452.5272873605,9541.81999430771,10352.0603537609,9817.87285617875,11116.3865707871,11037.1323390658,11021.2416252819,11026.2756043644,9234.32321691726,9982.73097301512,10649.8732923227,9325.82481181067,11705.2904470285,10398.2042826376
11768.193590804,10767.8381053141,9909.25195033499,11453.0221567308,9535.01076012643,10353.1785255474,9811.74493195905,11123.8760890122,11047.4488489446,11030.1876512406,11037.7360483905,9243.31497111614,9991.23555840225,10665.1480694047,9322.46327549406,11717.1280207829,10396.2021340695
11784.6013386396,10788.5777970219,9936.51482085716,11468.4333304257,9555.95993022106,10377.1055780641,9829.8312053039,11132.7755000925,11041.1154130742,11031.0048627408,11035.032360116,9238.93508590408,9981.20584221951,10657.5029687174,9308.50933256065,11723.4295404421,10384.1133479994
11773.780140002,10779.8288824604,9919.68186760439,11457.4063226359,9541.77142597072,10359.2084233799,9816.10807159187,11123.8841027781,11058.825487486,11036.5250234931,11027.7397114923,9246.41430309196,9994.32346527309,10662.3685160715,9315.11166594016,11726.1454636951,10390.8615524164
11781.6243546233,10777.2046942823,9934.97326523533,11465.0321026433,9548.75500010965,10362.7839917358,9817.38220438531,11135.515509939,11052.7802122584,11036.1877381972,11027.888484029,9242.15986199868,9987.81446279193,10648.0071318928,9304.38655271528,11719.2664017538,10395.4111005265
11769.1452141466,10767.424131725,9918.3148353671,11452.4151253514,9543.00452500364,10355.6303723169,9815.62642885362,11128.4326386774,11055.5763307342,11029.2995404474,11028.7212561431,9242.12499341526,9988.42881353913,10653.801757419,9313.20625570584,11721.5857015397,10396.1515869265
11775.3338512939,10774.9316057133,9933.279613555,11461.1728467679,9543.74149776329,10364.4213284498,9812.71260041898,11127.2751398975,11054.0284835318,11036.4888064963,11026.9605078017,9239.43759840949,9982.42377608088,10645.8765387766,9294.30018387179,11726.1221059017,10403.2198368432
11772.0160088142,10790.3852718694,9931.53669461362,11464.2184137705,9545.99837577663,10370.3620918215,9817.21771959277,11138.1319430831,11054.3125884302,11027.6295111277,11024.4015657857,9238.70453503309,9989.41567602108,10646.1502174206,9297.33649547165,11722.6786487438,10396.6543078085
11771.3686348317,10789.5308552003,9944.39585688161,11476.4003056046,9558.4431686468,10370.3635684495,9811.54387788354,11129.1607126571,11058.3806065237,11039.3454087315,11041.4516340538,9244.68057510811,9991.56296997684,10652.7880171298,9300.31226303642,11721.8328704117,10407.3207718396
11766.7654505163,10777.4504936623,9920.08499257699,11448.5498482966,9537.51931909438,10361.7750136571,9812.09604419615,11119.8058960153,11051.5549676605,11027.3922313124,11034.3799379825,9240.76571419983,9990.01609943935,10656.643734752,9308.28155587992,11719.350425907,10399.9909053837
11761.7068693735,10774.8236216275,9924.27798987402,11444.7835684153,9534.60096281021,10357.9077246839,9815.69904849487,11135.1293204629,11055.2094810715,11035.1368562815,11032.6407586644,9243.77080796845,9998.09229347058,10653.6695684605,9313.62852441838,11732.1151956587,10400.797714568
11768.6556589522,10774.0057658761,9924.09482713377,11463.7049266344,9547.1992997634,10359.5605176768,9819.38959767375,11132.6292537774,11057.6030395445,11039.461498847,11044.3189313343,9246.59899289631,10002.7230149095,10650.3902428049,9317.48784332437,11733.0543326204,10394.0357210166
11768.9320290185,10770.2709918287,9926.25387188548,11441.6309249203,9544.18956125223,10366.0062207761,9817.0767823469,11137.234175475,11057.7337332566,11024.9755621227,11036.5220874257,9243.07998222426,9993.63562087245,10655.4337721771,9316.48078690713,11725.625886897,10402.1757506864
11779.5486785141,10751.8216622713,9916.64624147834,11470.6478356166,9539.98750032204,10367.0853025819,9823.48377707177,11145.6689918242,11051.8413620919,11034.2893545468,11030.4466885881,9243.46593731962,9995.94162192418,10644.0777204033,9320.67694171158,11729.9410992386,10411.571208128
11783.6082911819,10754.4427949728,9929.58933308862,11470.4288136529,9546.70011396042,10374.0382063172,9837.71972719036,11144.4235453634,11051.8431522878,11025.4531533618,11020.52290407,9237.40397020745,9992.99239972584,10645.2591102801,9313.61790660522,11729.5407767544,10404.2737450137
11782.7985525409,10756.7110758568,9927.72390103898,11449.8292530504,9538.60841138911,10367.1751823827,9830.53168009472,11137.5305992133,11055.2533577896,11024.8803493281,11034.2132434123,9242.09400252558,9992.93509947267,10651.7615075491,9315.76009883771,11738.6009224491,10390.4886546612
11764.3698651311,10745.7721574502,9917.20556146995,11448.2366140648,9538.72376274681,10352.6258620249,9816.48740979562,11135.5003164662,11046.080618019,11018.0803603097,11023.4376332962,9235.78782009868,9985.62791777523,10639.4530523862,9315.50474296847,11716.4569979543,10386.0597235111
11773.9287451729,10753.1936278095,9928.73343773781,11459.8139511444,9539.31520903055,10369.8897629109,9820.8173987686,11132.8830911194,11051.0760895624,11021.5403105055,11028.3340424089,9239.65471855845,9985.45773311022,10650.522729387,9307.19453736763,11721.3783700828,10392.1631311025
11771.8638967867,10745.815638455,9913.22496923485,11455.7345732649,9530.55159777778,10356.7475403906,9817.97749576581,11126.1899391689,11043.6242480852,11016.4754974099,11025.9167147532,9227.67877523617,9974.80661589055,10642.1551955872,9301.69093175768,11696.9267508572,10386.4438886329
11762.0397714905,10748.1566027346,9918.95139304758,11449.6521596347,9539.55956566877,10368.6552208937,9823.86769032499,11123.1917750218,11040.9269645496,11026.5528067036,11023.7204600597,9238.72822018399,9978.97447269983,10650.8170987034,9309.35014489563,11704.5477371991,10390.495679185
11767.8439890105,10749.181327756,9908.58412832297,11451.2968596926,9535.03049033218,10356.2981735795,9821.47874661577,11105.6851503928,11025.3874427615,11007.792553776,11020.9168602931,9223.30502240513,9976.35618186132,10631.7977566987,9307.62269151123,11688.1763959152,10376.811959772
11774.1832309214,10766.1157568422,9920.49504694222,11451.9745577887,9541.26029663109,10365.3162460968,9828.76281302568,11121.0406592866,11041.4250555569,11011.7926342112,11018.5771835151,9232.7729400811,9976.436885057,10639.7935162762,9314.24282541591,11706.1589388371,10370.9431939163
11763.9467755716,10764.3725196677,9917.52341783663,11468.372919047,9546.05334687043,10365.2703064813,9832.35248424226,11125.9800918256,11038.839719702,11018.8571016003,11035.1177339747,9247.74407819629,9987.24506299706,10653.1774178508,9326.8859099208,11711.2381778236,10374.8803066632
11757.527398027,10757.698866385,9917.53323254576,11457.0881990636,9549.33653121178,10370.1871246751,9827.59920119263,11122.5070526061,11042.6689278862,11017.5008830919,11019.0596372086,9244.9213161459,9990.12888237338,10649.145150773,9322.16854387062,11707.079985411,10383.8173328049
11764.9896764155,10758.6840275744,9916.1240009102,11471.4945518674,9546.53792381529,10363.5639943628,9831.80750373944,11135.8304378352,11037.472772999,11009.9231699382,11017.2878972116,9233.70108045159,9985.31917857014,10643.1310164234,9323.01152067077,11705.4694271814,10379.2871657458
11780.2343611146,10776.3351707655,9925.48121212364,11468.9767150718,9558.41598932757,10376.1962747453,9850.17375872186,11147.2182472013,11058.8023939659,11017.9033209996,11044.5995437393,9252.04294126099,10005.697096096,10650.7723305784,9336.50544126474,11724.2976140188,10387.7339878657
11787.7137945593,10779.4974040706,9943.43233719056,11471.2419270461,9559.20357899455,10382.6944193994,9843.96588484797,11151.7035442742,11048.1008834587,11026.1726274612,11032.1444319433,9253.20972781718,10013.1034185596,10654.3738184705,9341.18565729774,11726.4377222249,10401.4553242737
11776.4445862947,10774.0221471844,9930.50635351319,11475.592318157,9559.78940854038,10375.7654940657,9843.23593359983,11139.0205911318,11054.2420385691,11030.6909520872,11046.4183103858,9260.27493930005,10018.4834401402,10659.2166923702,9342.79572088181,11720.3716680306,10409.240230015
11772.7350155325,10771.0933094562,9922.21138846957,11458.7117012057,9558.08770756703,10372.3093510169,9837.82025058666,11139.4573956789,11054.5319877624,11033.0655264438,11018.6502637299,9256.66797169891,10015.7260825423,10651.257613954,9348.61324584196,11717.9166427465,10407.9721231163
11781.821131199,10783.840668612,9935.0174916505,11472.7151041601,9564.31791936686,10377.5817067839,9845.43798679564,11139.8882125865,11063.0533706076,11029.9492876042,11031.6989325304,9261.48046936254,10017.6713326547,10653.7442604966,9342.57988003957,11726.8482565598,10393.9010495463
